<?xml version="1.0" encoding="UTF-8" standalone="yes"?>
<addon id="repository.f4m" name="[COLOR red]f[/COLOR]4[COLOR black]m[/COLOR] [COLORcyan]Repository[/COLOR]" version="1.0.2" provider-name="[COLORchocolate]@by_black[COLORgold]_eagle[/COLOR]">
  <requires>
    <import addon="xbmc.addon" version="12.0.0"/>  
  </requires>
  <extension point="xbmc.addon.repository" name="[COLOR red]F4m [COLOR cyan]Repositorio[/COLOR]">
    <dir>
    <info compressed="true">https://raw.github.com/dregs1/dregs1.github.io/f4m/master/addons.xml</info>
    <checksum>https://raw.github.com/dregs1/dregs1.github.io/f4m/master/addons.xml.md5</checksum>
    <datadir zip="true">https://raw.github.com/dregs1/dregs1.github.io/f4m/master</datadir>
    <hashes>false</hashes>
</dir>
  <dir minversion="19.9.9">
      <info compressed="true">https://raw.github.com/dregs1/dregs1.github.io/f4m/master/nexus/addons.xml</info>
      <checksum>https://raw.github.com/dregs1/dregs1.github.io/master/nexus/f4m/addons.xml.md5</checksum>
      <datadir zip="true">https://raw.github.com/dregs1/dregs1.github.io/f4m/master/nexus</datadir>
      <hashes>false</hashes>
  </dir>   
  <dir minversion="19.0.0">
      <info compressed="true">https://raw.github.com/dregs1/dregs1.github.io/f4m/master/matrix/addons.xml</info>
      <checksum>https://raw.github.com/dregs1/dregs1.github.io/master/matrix/f4m/addons.xml.md5</checksum>
      <datadir zip="true">https://raw.github.com/dregs1/dregs1.github.io/f4m/master/matrix</datadir>
      <hashes>false</hashes>
  </dir>    
  </extension>
  <extension point="xbmc.addon.metadata">
    <summary>repositorio F4m</summary>
    <description>repositorio oficial F4m- Proibido reproducao sem autorização prévia</description>
    <disclaimer></disclaimer>
    <platform>all</platform>
    <assets>
      <icon>icon.png</icon>
      <fanart>fanart.jpg</fanart>
    </assets>
  </extension>
</addon>
