<?xml version="1.0" encoding="UTF-8"?>
<addon id="plugin.video.f4mTesters" version="4.0.1" name=".f4mTester-KODI19" provider-name="Shani">
    <requires>
        <import addon="xbmc.python" version="3.0.0"/>
        <import addon="inputstream.ffmpegdirect"/>
    </requires>
    <extension point="xbmc.python.pluginsource" library="default.py">
        <provides>video</provides>
    </extension>  
    <extension point="xbmc.addon.metadata">
        <summary lang="en">.f4mTester-KODI19</summary>
        <description></description>
        <platform>all</platform>
        <assets>
			<icon>icon.png</icon>
		</assets>
    </extension>
</addon>